{
    "0": {
        "precision": 0.9716885743174924,
        "recall": 0.9806122448979592,
        "f1-score": 0.9761300152361605,
        "support": 980.0
    },
    "1": {
        "precision": 0.9792027729636048,
        "recall": 0.9955947136563876,
        "f1-score": 0.9873307121013543,
        "support": 1135.0
    },
    "2": {
        "precision": 0.9969040247678018,
        "recall": 0.936046511627907,
        "f1-score": 0.9655172413793104,
        "support": 1032.0
    },
    "3": {
        "precision": 0.9771825396825397,
        "recall": 0.9752475247524752,
        "f1-score": 0.9762140733399405,
        "support": 1010.0
    },
    "4": {
        "precision": 0.9753340184994861,
        "recall": 0.9663951120162932,
        "f1-score": 0.970843989769821,
        "support": 982.0
    },
    "5": {
        "precision": 0.9472551130247578,
        "recall": 0.9865470852017937,
        "f1-score": 0.9665019220208677,
        "support": 892.0
    },
    "6": {
        "precision": 0.993421052631579,
        "recall": 0.9457202505219207,
        "f1-score": 0.9689839572192513,
        "support": 958.0
    },
    "7": {
        "precision": 0.947075208913649,
        "recall": 0.9922178988326849,
        "f1-score": 0.9691211401425178,
        "support": 1028.0
    },
    "8": {
        "precision": 0.955420466058764,
        "recall": 0.9681724845995893,
        "f1-score": 0.9617542070372259,
        "support": 974.0
    },
    "9": {
        "precision": 0.9590818363273453,
        "recall": 0.9524281466798811,
        "f1-score": 0.95574341123819,
        "support": 1009.0
    },
    "accuracy": 0.9701,
    "macro avg": {
        "precision": 0.9702565607187019,
        "recall": 0.9698981972786893,
        "f1-score": 0.9698140669484638,
        "support": 10000.0
    },
    "weighted avg": {
        "precision": 0.9705722625748961,
        "recall": 0.9701,
        "f1-score": 0.9700743155415985,
        "support": 10000.0
    }
}