{
    "0": {
        "precision": 0.9797365754812564,
        "recall": 0.986734693877551,
        "f1-score": 0.9832231825114387,
        "support": 980.0
    },
    "1": {
        "precision": 0.9843478260869565,
        "recall": 0.9973568281938326,
        "f1-score": 0.9908096280087527,
        "support": 1135.0
    },
    "2": {
        "precision": 0.9798464491362764,
        "recall": 0.9893410852713178,
        "f1-score": 0.9845708775313404,
        "support": 1032.0
    },
    "3": {
        "precision": 0.9860973187686196,
        "recall": 0.9831683168316832,
        "f1-score": 0.9846306395637084,
        "support": 1010.0
    },
    "4": {
        "precision": 0.9875904860392968,
        "recall": 0.9725050916496945,
        "f1-score": 0.9799897383273474,
        "support": 982.0
    },
    "5": {
        "precision": 0.9681668496158068,
        "recall": 0.9887892376681614,
        "f1-score": 0.978369384359401,
        "support": 892.0
    },
    "6": {
        "precision": 0.9967637540453075,
        "recall": 0.964509394572025,
        "f1-score": 0.9803713527851459,
        "support": 958.0
    },
    "7": {
        "precision": 0.9722488038277513,
        "recall": 0.9883268482490273,
        "f1-score": 0.9802219006271105,
        "support": 1028.0
    },
    "8": {
        "precision": 0.989517819706499,
        "recall": 0.9691991786447639,
        "f1-score": 0.979253112033195,
        "support": 974.0
    },
    "9": {
        "precision": 0.9722772277227723,
        "recall": 0.9732408325074331,
        "f1-score": 0.9727587914809311,
        "support": 1009.0
    },
    "accuracy": 0.9816,
    "macro avg": {
        "precision": 0.9816593110430543,
        "recall": 0.9813171507465489,
        "f1-score": 0.9814198607228372,
        "support": 10000.0
    },
    "weighted avg": {
        "precision": 0.98171446670699,
        "recall": 0.9816,
        "f1-score": 0.9815907173646304,
        "support": 10000.0
    }
}